date,recovery_score,target_recovery_next_day,baseline_persistence_pred,baseline_roll7_pred,best_regression_pred,low_recovery_next_day,best_classification_pred,best_classification_proba,split
2025-06-01,54.66005143850799,64.1824065651788,54.66005143850799,65.40209289313735,60.30817897385534,0,0,0.13333333333333333,train
2025-06-02,64.1824065651788,39.94637575030916,64.1824065651788,64.42153800331417,47.49206485550316,1,1,0.6733333333333333,train
2025-06-03,39.94637575030916,59.22473465741403,39.94637575030916,60.91279959359233,54.700137793222545,0,0,0.10666666666666667,train
2025-06-04,59.22473465741403,31.02312866979308,59.22473465741403,59.001165789917586,40.233880245235284,1,1,0.6166666666666667,train
2025-06-05,31.02312866979308,49.13779031563574,31.02312866979308,54.04292507752338,47.53393036991042,0,0,0.13333333333333333,train
2025-06-06,49.13779031563574,47.56711568141734,49.13779031563574,50.5431716999167,48.613268899978145,0,0,0.10333333333333333,train
2025-06-07,47.56711568141734,55.18663815145207,47.56711568141734,49.391657582608026,54.580684239971696,0,0,0.02666666666666667,train
2025-06-08,55.18663815145207,58.82268616361562,55.18663815145207,49.46688425588575,57.50582758646336,0,0,0.043333333333333335,train
2025-06-09,58.82268616361562,40.91616411711432,58.82268616361562,48.70120991280529,46.77393724431629,0,0,0.02666666666666667,train
2025-06-10,40.91616411711432,52.882941386647225,40.91616411711432,48.839751108063176,53.534067632668446,0,0,0.06333333333333334,train
2025-06-11,52.882941386647225,43.251861471914026,52.882941386647225,47.93378064081077,46.449795928244654,0,0,0.06333333333333334,train
2025-06-12,43.251861471914026,69.51899819357817,43.251861471914026,49.68074246968519,61.96293355627605,0,0,0.06,train
2025-06-13,69.51899819357817,43.06645541595628,69.51899819357817,52.59234359510554,47.81022707138704,0,0,0.006666666666666667,train
2025-06-14,43.06645541595628,44.132549281636024,43.06645541595628,51.9493921286111,47.84216783243603,0,0,0.016666666666666666,train
2025-06-15,44.132549281636024,52.321630886500486,44.132549281636024,50.37023657578023,51.37161465161355,0,0,0.02,train
2025-06-16,52.321630886500486,41.6831001389757,52.321630886500486,49.441514393335225,44.618198984496324,0,0,0.03333333333333333,train
2025-06-17,41.6831001389757,39.881226069557925,41.6831001389757,49.55107668217256,42.66685926894619,1,1,0.73,train
2025-06-18,39.881226069557925,39.796687980462366,39.881226069557925,47.69368877973123,41.52266062288557,1,1,0.7433333333333333,train
2025-06-19,39.796687980462366,50.0911851614655,39.796687980462366,47.200092566666704,48.08825782230211,0,0,0.16333333333333333,train
2025-06-20,50.0911851614655,38.41220560645819,50.0911851614655,44.42469070493632,41.80041995644941,1,1,0.71,train
2025-06-21,38.41220560645819,40.27280007322166,38.41220560645819,43.759797875008026,41.53421571761584,0,0,0.13333333333333333,train
2025-06-22,40.27280007322166,43.86343268684129,40.27280007322166,43.20840513094883,45.403890790107646,0,0,0.023333333333333334,train
2025-06-23,43.86343268684129,56.88798228455135,43.86343268684129,42.00009110242609,52.115210759847876,0,0,0.10333333333333333,train
2025-06-24,56.88798228455135,50.244347210860695,56.88798228455135,44.17221712322261,48.46631525270401,0,0,0.16666666666666666,train
2025-06-25,50.244347210860695,33.62137097275119,50.244347210860695,45.652663000551584,36.39148738860328,1,1,0.8233333333333334,train
2025-06-26,33.62137097275119,30.57549129919371,33.62137097275119,44.77047485659284,35.72343386025394,1,1,0.79,train
2025-06-27,30.57549129919371,50.61388366031342,30.57549129919371,41.982518590554015,47.46029230490621,0,0,0.12333333333333334,train
2025-06-28,50.61388366031342,55.70217025142958,50.61388366031342,43.725615455390475,51.55860259981455,0,0,0.09333333333333334,train
2025-06-29,55.70217025142958,37.16201211456442,55.70217025142958,45.92981119513446,41.61168191214103,1,1,0.7233333333333334,train
2025-06-30,37.16201211456442,35.26768322068439,37.16201211456442,44.97246539909491,41.06324384185284,1,1,0.6366666666666667,train
2025-07-01,35.26768322068439,48.680057884272166,35.26768322068439,41.88385124711391,47.873398159310334,0,0,0.09666666666666666,train
2025-07-02,48.680057884272166,50.596012857523725,48.680057884272166,41.66038134331556,49.83830012218077,0,0,0.08333333333333333,train
2025-07-03,50.596012857523725,48.27293268165228,50.596012857523725,44.085330183997335,48.427567575835134,0,0,0.043333333333333335,train
2025-07-04,48.27293268165228,52.799004120048394,48.27293268165228,46.61353609577714,51.95413998110484,0,0,0.02666666666666667,train
2025-07-05,52.799004120048394,49.38742246098963,52.799004120048394,46.925696161453565,50.113341806856525,0,0,0.02,train
2025-07-06,49.38742246098963,42.68790180853453,49.38742246098963,46.02358933424785,44.854052185576556,0,0,0.0,train
2025-07-07,42.68790180853453,62.54918333171007,42.68790180853453,46.81300214767216,57.72902562337634,0,0,0.006666666666666667,train
2025-07-08,62.54918333171007,62.32190026216745,62.54918333171007,50.71035930639011,57.3111046308756,0,0,0.1,train
2025-07-09,62.32190026216745,23.52798171934882,62.32190026216745,52.65919393180373,33.65144769995998,1,1,0.7066666666666667,train
2025-07-10,23.52798171934882,30.84095267419753,23.52798171934882,48.79233234063589,34.987414798273775,1,1,0.77,train
2025-07-11,30.84095267419753,19.126139319558806,30.84095267419753,46.30204948242806,30.352536336022773,1,1,0.7866666666666666,train
2025-07-12,19.126139319558806,20.675917287621175,19.126139319558806,41.49164022521526,21.40848123059127,1,1,0.9333333333333333,train
2025-07-13,20.675917287621175,13.806672615351273,20.675917287621175,37.38999662901977,16.68822156745079,1,1,0.9633333333333334,train
2025-07-14,13.806672615351273,22.10015996940489,13.806672615351273,33.2641067442793,25.28892991114302,1,1,0.92,train
2025-07-15,22.10015996940489,30.291462865210143,22.10015996940489,27.485674835378564,31.04169914311892,1,1,0.8933333333333333,train
2025-07-16,30.291462865210143,64.58676382181953,30.291462865210143,22.909898064384663,52.73956812340455,0,0,0.30333333333333334,train
2025-07-17,64.58676382181953,73.77708189800961,64.58676382181953,28.775438364737624,66.51220354406595,0,0,0.07666666666666666,train
2025-07-18,73.77708189800961,63.75465726691317,73.77708189800961,34.90917111099649,62.27351500160505,0,0,0.07,train
2025-07-19,63.75465726691317,59.155370578180985,63.75465726691317,41.284673674904255,59.12044431160419,0,0,0.06666666666666667,train
2025-07-20,59.155370578180985,69.61791075217997,59.155370578180985,46.78173843069851,66.12860184938171,0,0,0.02,train
2025-07-21,69.61791075217997,68.45755386539898,69.61791075217997,54.75477245024547,65.26562126361705,0,0,0.006666666666666667,train
2025-07-22,68.45755386539898,53.83214186643226,68.45755386539898,61.37725729253033,55.911873522020166,0,0,0.013333333333333334,train
2025-07-23,53.83214186643226,67.33472355744266,53.83214186643226,64.74021143556207,64.29665563041425,0,0,0.043333333333333335,train
2025-07-24,67.33472355744266,66.27104461866429,67.33472355744266,65.13277711207967,62.963915367089164,0,0,0.06666666666666667,train
2025-07-25,66.27104461866429,55.9529507825696,66.27104461866429,64.06048607217318,56.470577047923655,0,0,0.02666666666666667,train
2025-07-26,55.9529507825696,61.69373161347719,55.9529507825696,62.94595657440982,59.07779773626426,0,0,0.02666666666666667,train
2025-07-27,61.69373161347719,63.93614472251943,61.69373161347719,63.308579579452136,61.34296672058281,0,0,0.02666666666666667,train
2025-07-28,63.93614472251943,72.46050118198006,63.93614472251943,62.49689871807205,65.77528154268242,0,0,0.006666666666666667,train
2025-07-29,72.46050118198006,62.66961304687143,72.46050118198006,63.0687483347265,61.80291996311713,0,0,0.02,train
2025-07-30,62.66961304687143,65.69989256328458,62.66961304687143,64.33124421764639,63.004619995475345,0,0,0.03,train
2025-07-31,65.69989256328458,56.0809419649829,65.69989256328458,64.09769693276665,56.548659066576604,0,0,0.03333333333333333,train
2025-08-01,56.0809419649829,45.76018674021462,56.0809419649829,62.641967982240736,49.8104060967439,0,0,0.013333333333333334,train
2025-08-02,45.76018674021462,45.56874018423452,45.76018674021462,61.18585883333289,48.85566297023106,0,0,0.03,train
2025-08-03,45.56874018423452,58.269249236009,45.56874018423452,58.88228862915537,55.53549340670728,0,0,0.013333333333333334,train
2025-08-04,58.269249236009,44.112957892623854,58.269249236009,58.07273213108245,48.13912579545009,0,0,0.07333333333333333,train
2025-08-05,44.112957892623854,54.71888868336653,44.112957892623854,54.023083089745846,51.68905524776489,0,0,0.06666666666666667,train
2025-08-06,54.71888868336653,45.36515061463739,54.71888868336653,52.88726532353086,46.70587302424181,0,0,0.12,train
2025-08-07,45.36515061463739,39.291288832155935,45.36515061463739,49.98230218800983,42.21081967579266,1,1,0.7266666666666667,train
2025-08-08,39.291288832155935,51.23952710038928,39.291288832155935,47.583780311891694,50.60133328197262,0,0,0.02666666666666667,train
2025-08-09,51.23952710038928,49.09841915721019,51.23952710038928,48.36654322048808,49.54168660994772,0,0,0.016666666666666666,train
2025-08-10,49.09841915721019,47.46053278668467,49.09841915721019,48.87078307377031,47.53384144814186,0,0,0.03,train
2025-08-11,47.46053278668467,50.43919640713466,47.46053278668467,47.32668072386683,48.57727263876696,0,0,0.0033333333333333335,train
2025-08-12,50.43919640713466,41.49261753369595,50.43919640713466,48.23042908308266,44.86177329096439,0,0,0.03333333333333333,train
2025-08-13,41.49261753369595,42.7786376416425,41.49261753369595,46.34096177598686,43.843510624703036,0,0,0.10666666666666667,train
2025-08-14,42.7786376416425,36.712217174785614,42.7786376416425,45.971459922701875,39.108393736865985,1,1,0.6633333333333333,train
2025-08-15,36.712217174785614,40.55255430829177,36.712217174785614,45.60302111450612,44.21287597597605,0,0,0.05333333333333334,train
2025-08-16,40.55255430829177,42.62699613424203,40.55255430829177,44.076310715635046,44.28094985122485,0,0,0.04666666666666667,train
2025-08-17,42.62699613424203,43.402269785870146,42.62699613424203,43.15182171235388,43.76212202201383,0,0,0.08,train
2025-08-18,43.402269785870146,37.89264010807937,43.402269785870146,42.57206985509466,40.10191582667915,1,1,0.77,train
2025-08-19,37.89264010807937,46.26213182310866,37.89264010807937,40.77970466951534,44.49830931844349,0,0,0.21333333333333335,train
2025-08-20,46.26213182310866,23.243422432095517,46.26213182310866,41.46106385371716,31.33257902992318,1,1,0.71,train
2025-08-21,23.243422432095517,44.814630028698254,23.243422432095517,38.67031882378188,40.77469090309323,0,0,0.18666666666666668,train
2025-08-22,44.814630028698254,47.18092616656129,44.814630028698254,39.82780637434082,47.21969491650194,0,0,0.09,train
2025-08-23,47.18092616656129,56.34966236178978,47.18092616656129,40.7747166398079,53.71231553183409,0,0,0.04,train
2025-08-24,56.34966236178978,57.644118148199006,56.34966236178978,42.735097529457576,55.19565544892924,0,0,0.03333333333333333,train
2025-08-25,57.644118148199006,53.636845921430734,57.644118148199006,44.769647295504555,53.41972928110919,0,0,0.023333333333333334,train
2025-08-26,53.636845921430734,43.141862309158306,53.636845921430734,47.018819554554746,45.943627808207616,0,0,0.043333333333333335,train
2025-08-27,43.141862309158306,47.64706695317224,43.141862309158306,46.57306676684756,47.02916510193104,0,0,0.07666666666666666,train
2025-08-28,47.64706695317224,52.846817201417075,47.64706695317224,50.05930169842994,51.600638171089294,0,0,0.09333333333333334,train
2025-08-29,52.846817201417075,50.8195973057613,52.846817201417075,51.20675700881834,49.35785581852633,0,0,0.03666666666666667,train
2025-08-30,50.8195973057613,60.52054018994887,50.8195973057613,51.72656717156121,56.60216203537396,0,0,0.02,train
2025-08-31,60.52054018994887,57.10493136048067,60.52054018994887,52.32240686129821,55.98099594516683,0,0,0.016666666666666666,train
2025-09-01,57.10493136048067,57.13627220038633,57.10493136048067,52.24538017733846,55.823008476450596,0,0,0.02666666666666667,train
2025-09-02,57.13627220038633,51.50667952894943,57.13627220038633,52.74529821718926,51.645287175631545,0,0,0.05333333333333334,train
2025-09-03,51.50667952894943,53.63023047141985,51.50667952894943,53.94027210573084,52.94818814842641,0,0,0.09333333333333334,train
2025-09-04,53.63023047141985,30.091015818241864,53.63023047141985,54.79500975119479,37.405291762161745,1,1,0.72,train
2025-09-05,30.091015818241864,25.245740142728984,30.091015818241864,51.54418098216976,30.97160249684539,1,1,0.83,train
2025-09-06,25.245740142728984,18.382346897140664,25.245740142728984,47.890772816022285,21.60311296015175,1,1,0.9066666666666666,train
2025-09-07,18.382346897140664,20.7547769065876,18.382346897140664,41.87103091704968,20.30213431650499,1,1,0.9733333333333334,train
2025-09-08,20.7547769065876,19.514440029344588,20.7547769065876,36.67815170935067,21.462987175537915,1,1,0.96,train
2025-09-09,19.514440029344588,19.763262041116043,19.514440029344588,31.30360425634471,25.395141615605368,1,1,0.9333333333333333,train
2025-09-10,19.763262041116043,27.966521665023738,19.763262041116043,26.768830329511367,30.023333459751424,1,1,0.9066666666666666,train
2025-09-11,27.966521665023738,19.69963101137877,27.966521665023738,23.102586214311923,27.981543269865355,1,1,0.7933333333333333,train
2025-09-12,19.69963101137877,63.79826657449722,19.69963101137877,21.618102670474343,50.5828283471611,0,0,0.25666666666666665,train
2025-09-13,63.79826657449722,57.443213363997614,63.79826657449722,27.125606446441232,55.38513404028743,0,0,0.12333333333333334,train
2025-09-14,57.443213363997614,49.99613867434942,57.443213363997614,32.705730227420794,52.36793686689578,0,0,0.08666666666666667,train
2025-09-15,49.99613867434942,55.166471218742025,49.99613867434942,36.88306762281535,56.73040444431054,0,0,0.023333333333333334,train
2025-09-16,55.166471218742025,77.51015796431757,55.166471218742025,41.976214935586405,69.96566803327174,0,0,0.006666666666666667,train
2025-09-17,77.51015796431757,51.81173635130821,77.51015796431757,50.22577149604376,54.71100965580338,0,0,0.01,train
2025-09-18,51.81173635130821,54.55750465131979,51.81173635130821,53.63223073694155,55.23256171093639,0,0,0.02,train
2025-09-19,54.55750465131979,44.401376760290425,54.55750465131979,58.611926971218836,48.94683263501548,0,0,0.023333333333333334,train
2025-09-20,44.401376760290425,57.63667253208928,44.401376760290425,55.840942712046434,56.46550912675691,0,0,0.05,train
2025-09-21,57.63667253208928,59.99767491565441,57.63667253208928,55.86857973605953,58.30140800912706,0,0,0.07333333333333333,train
2025-09-22,59.99767491565441,63.96868534942932,59.99767491565441,57.29737062767453,61.96464412382347,0,0,0.013333333333333334,train
2025-09-23,63.96868534942932,64.65804581888047,63.96868534942932,58.554829789201285,61.10142593653423,0,0,0.02666666666666667,train
2025-09-24,64.65804581888047,47.3090705391522,64.65804581888047,56.71881376842456,50.12799502949364,0,0,0.08,train
2025-09-25,47.3090705391522,53.46641954885691,47.3090705391522,56.07557579525941,53.17806164249179,0,0,0.03,train
2025-09-26,53.46641954885691,65.43747449522802,53.46641954885691,55.91970649490757,59.518281874096914,0,0,0.03,train
2025-09-27,65.43747449522802,48.83910047163726,65.43747449522802,58.92486331418437,50.353620905411006,0,0,0.043333333333333335,train
2025-09-28,48.83910047163726,49.40526781341307,48.83910047163726,57.66806730554837,48.926821450180306,0,0,0.04666666666666667,train
2025-09-29,49.40526781341307,45.13650213182558,49.40526781341307,56.15486629094246,46.11207259707666,0,0,0.006666666666666667,train
2025-09-30,45.13650213182558,48.19586647983864,45.13650213182558,53.46455440271336,49.420282076533084,0,0,0.023333333333333334,train
2025-10-01,48.19586647983864,52.18942524183056,48.19586647983864,51.11281449713595,51.53146381494376,0,0,0.03333333333333333,train
2025-10-02,52.18942524183056,59.17251733537934,52.18942524183056,51.81000802609001,56.86452645343258,0,0,0.03,train
2025-10-03,59.17251733537934,53.09067002034119,59.17251733537934,52.62516485273607,52.5046395989743,0,0,0.07333333333333333,train
2025-10-04,53.09067002034119,35.633528006223074,53.09067002034119,50.86133564203795,41.99693706299379,1,1,0.6333333333333333,train
2025-10-05,35.633528006223074,53.41391527763629,35.633528006223074,48.97482528983593,51.798797366619134,0,0,0.07,train
2025-10-06,53.41391527763629,45.04493649265168,53.41391527763629,49.54748921329638,46.95964747368467,0,0,0.03666666666666667,train
2025-10-07,45.04493649265168,52.97085922128588,45.04493649265168,49.534408407700106,49.8133739035975,0,0,0.11333333333333333,train
2025-10-08,52.97085922128588,41.32494209662315,52.97085922128588,50.21655022790686,41.34927793460035,0,0,0.13,train
2025-10-09,41.32494209662315,48.31109118435815,41.32494209662315,48.66448120716294,46.83819849955922,0,0,0.08666666666666667,train
2025-10-10,48.31109118435815,59.27251243062817,48.31109118435815,47.1128488998742,54.94400118497756,0,0,0.07666666666666666,train
2025-10-11,59.27251243062817,56.70228215304244,59.27251243062817,47.995969244200914,55.1204243274677,0,0,0.02,train
2025-10-12,56.70228215304244,55.906956401259635,56.70228215304244,51.00579126517511,53.97655174549611,0,0,0.016666666666666666,train
2025-10-13,55.906956401259635,45.980243168006915,55.906956401259635,51.3619399971213,48.07860288598152,0,0,0.01,train
2025-10-14,45.980243168006915,49.97410138820902,45.980243168006915,51.49555523645777,48.78993584530067,0,0,0.13,train
2025-10-15,49.97410138820902,44.498553134590345,49.97410138820902,51.06744697458964,44.898969834761886,0,0,0.11,train
2025-10-16,44.498553134590345,36.63982003257954,44.498553134590345,51.52081998001353,41.06879129096266,1,1,0.6466666666666666,train
2025-10-17,36.63982003257954,48.07228936018176,36.63982003257954,49.853495529759435,47.2041533361781,0,0,0.07,train
2025-10-18,48.07228936018176,41.87982865995406,48.07228936018176,48.25346366255281,43.87008668175645,0,0,0.07,train
2025-10-19,41.87982865995406,48.034483855988825,41.87982865995406,46.135970306397326,46.85130754040939,0,0,0.05333333333333334,train
2025-10-20,48.034483855988825,43.98317819706071,48.034483855988825,45.01133137135864,44.63420247783688,0,0,0.09,train
2025-10-21,43.98317819706071,60.85570473632839,43.98317819706071,44.726036375509175,54.621004858052935,0,0,0.09666666666666666,train
2025-10-22,60.85570473632839,55.98384854058801,60.85570473632839,46.280551139526224,53.18595573644893,0,0,0.17333333333333334,train
2025-10-23,55.98384854058801,38.28769284496031,55.98384854058801,47.92130762609733,42.897359598063446,1,1,0.66,train
2025-10-24,38.28769284496031,60.08253467387274,38.28769284496031,48.15671802786601,55.79813495249914,0,0,0.05333333333333334,train
2025-10-25,60.08253467387274,51.47935991282504,60.08253467387274,49.872467358393294,52.270498769281716,0,0,0.006666666666666667,train
2025-10-26,51.47935991282504,45.651281974408406,51.47935991282504,51.24382896594629,48.8611899684186,0,0,0.02666666666666667,train
2025-10-27,45.651281974408406,55.048670391903386,45.651281974408406,50.903371554291944,53.03201946053841,0,0,0.09,train
2025-10-28,55.048670391903386,70.03386454649595,55.048670391903386,52.48415615355518,64.20042729932638,0,0,0.03333333333333333,train
2025-10-29,70.03386454649595,64.68549142975661,70.03386454649595,53.79532184072197,61.07188042461638,0,0,0.02,train
2025-10-30,64.68549142975661,67.20656307149373,64.68549142975661,55.03841368203177,62.500557628556734,0,0,0.03666666666666667,train
2025-10-31,67.20656307149373,58.673158570832335,67.20656307149373,59.16968085725084,58.318082133830806,0,0,0.02,train
2025-11-01,58.673158570832335,64.74570628107188,58.673158570832335,58.96834141395935,58.386702370104004,0,0,0.05333333333333334,test
2025-11-02,64.74570628107188,60.675117710165566,64.74570628107188,60.863533752280325,59.040401555334796,0,0,0.08666666666666667,test
2025-11-03,60.675117710165566,69.82517377888959,60.675117710165566,63.00979600024563,61.81634349175524,0,0,0.16,test
2025-11-04,69.82517377888959,68.90568669765584,69.82517377888959,65.12072505552938,61.795203645973004,0,0,0.21666666666666667,test
2025-11-05,68.90568669765584,56.604187165556624,68.90568669765584,64.95955679140936,57.307036681508784,0,0,0.26666666666666666,test
2025-11-06,56.604187165556624,48.46919121482756,56.604187165556624,63.80508475366651,54.61274224735827,0,0,0.07,test
2025-11-07,48.46919121482756,62.70969172064946,48.46919121482756,61.12831734557135,52.18641417080752,0,0,0.29,test
2025-11-08,62.70969172064946,35.37871314907164,62.70969172064946,61.70496493840236,54.28761191890596,1,0,0.2866666666666667,test
2025-11-09,35.37871314907164,48.09536130986032,35.37871314907164,57.50968020525947,47.73708724826478,0,0,0.30333333333333334,test
2025-11-10,48.09536130986032,70.1574792579589,48.09536130986032,55.712572148073,52.60207055401327,0,0,0.11333333333333333,test
2025-11-11,70.1574792579589,64.55751626371836,70.1574792579589,55.76004435936862,56.86291680830074,0,0,0.04666666666666667,test
2025-11-12,64.55751626371836,66.96119825352145,64.55751626371836,55.138877154520415,56.650767828268776,0,0,0.04666666666666667,test
2025-11-13,66.96119825352145,59.016560534871886,66.96119825352145,56.61845016708681,58.27441211346196,0,0,0.07,test
2025-11-14,59.016560534871886,50.604684151691266,59.016560534871886,58.125217212807435,56.86064553789748,0,0,0.05,test
2025-11-15,50.604684151691266,49.59103548016541,50.604684151691266,56.39593041724197,52.35654331812839,0,0,0.08333333333333333,test
2025-11-16,49.59103548016541,46.0949696418836,49.59103548016541,58.4262621788268,54.29097186596433,0,0,0.18333333333333332,test
2025-11-17,46.0949696418836,17.86082179876094,46.0949696418836,58.14049194054441,54.815227134719386,1,0,0.2,test
2025-11-18,17.86082179876094,16.1420946271258,17.86082179876094,50.669540874944694,36.272721828886205,1,1,0.5366666666666666,test
2025-11-19,16.1420946271258,15.087230781235238,16.1420946271258,43.753052069717185,33.18185374617052,1,1,0.7333333333333333,test
2025-11-20,15.087230781235238,12.774357630184118,15.087230781235238,36.34248528796202,30.95985419319022,1,1,0.85,test
2025-11-21,12.774357630184118,5.7752898470700655,12.774357630184118,29.736456301578055,23.764396591034288,1,1,0.8533333333333334,test
2025-11-22,5.7752898470700655,9.265414729207452,5.7752898470700655,23.332257115203596,23.826539300739302,1,1,0.8233333333333334,test
2025-11-23,9.265414729207452,8.734436616473538,9.265414729207452,17.57145415078103,24.786764909832854,1,1,0.79,test
2025-11-24,8.734436616473538,27.226633729714603,8.734436616473538,12.234235147151022,31.400870399526443,1,1,0.7033333333333334,test
2025-11-25,27.226633729714603,43.391741053356235,27.226633729714603,13.572208280144404,38.827690879384676,0,1,0.58,test
2025-11-26,43.391741053356235,43.70825176849642,43.391741053356235,17.465014912463037,46.92433612435944,0,0,0.4633333333333333,test
2025-11-27,43.70825176849642,45.22335669050707,43.70825176849642,21.55373219635749,47.808605065603906,0,0,0.46,test
2025-11-28,45.22335669050707,51.85380382418325,45.22335669050707,26.189303490689344,49.068826853297246,0,0,0.3,test
2025-11-29,51.85380382418325,50.095397257004656,51.85380382418325,32.77194834456265,48.0135838263605,0,0,0.18333333333333332,test
2025-11-30,50.095397257004656,40.284350632422075,50.095397257004656,38.60480299139083,46.97729565121201,0,0,0.14,test
2025-12-01,40.284350632422075,28.696451819486366,40.284350632422075,43.11193356509775,49.0439051183314,1,0,0.08333333333333333,test
2025-12-02,28.696451819486366,47.01643939390143,28.696451819486366,43.32190757792229,44.37890439194034,0,0,0.24666666666666667,test
2025-12-03,47.01643939390143,32.05427916428235,47.01643939390143,43.83972162657161,46.64088965143428,1,0,0.31333333333333335,test
2025-12-04,32.05427916428235,44.162184387582485,32.05427916428235,42.17486839739816,45.89101243921635,0,0,0.24,test
2025-12-05,44.162184387582485,49.91749553295098,44.162184387582485,42.02327235412323,47.42338946379673,0,0,0.11333333333333333,test
2025-12-06,49.91749553295098,45.7655210134227,49.91749553295098,41.74665688394719,49.87649640124413,0,0,0.07,test
2025-12-07,45.7655210134227,58.679002509000505,45.7655210134227,41.12810313486405,45.781546235605646,0,0,0.10333333333333333,test
2025-12-08,58.679002509000505,41.57312090766102,58.679002509000505,43.75591054580383,51.249753042688106,0,0,0.06,test
2025-12-09,41.57312090766102,56.1455418304459,41.57312090766102,45.59543470125736,48.24227683368998,0,0,0.3,test
2025-12-10,56.1455418304459,48.71108436441424,56.1455418304459,46.89959219219228,44.67899099856628,0,0,0.33666666666666667,test
2025-12-11,48.71108436441424,17.94635119332451,48.71108436441424,49.279135792211115,47.528386282473264,1,0,0.23666666666666666,test
2025-12-12,17.94635119332451,22.9714133247876,17.94635119332451,45.53401676445998,34.0336085690762,1,1,0.54,test
2025-12-13,22.9714133247876,10.723037471819678,22.9714133247876,41.68457644900807,29.253067186884405,1,1,0.79,test
2025-12-14,10.723037471819678,14.457603575294488,10.723037471819678,36.67850737163621,27.91777722914141,1,1,0.8133333333333334,test
2025-12-15,14.457603575294488,21.24837050652335,14.457603575294488,30.36116466682106,29.292056460108316,1,1,0.8233333333333334,test
2025-12-16,21.24837050652335,54.78357349149232,21.24837050652335,27.457628895229966,33.989927949708274,0,1,0.73,test
2025-12-17,54.78357349149232,54.27812997330349,54.78357349149232,27.26306198966517,53.956592370152684,0,0,0.24,test
2025-12-18,54.27812997330349,55.47275940404778,54.27812997330349,28.05835421950649,55.26768179635769,0,0,0.06666666666666667,test
2025-12-19,55.47275940404778,54.72576409485339,55.47275940404778,33.419269678181244,57.367712746290735,0,0,0.03666666666666667,test
2025-12-20,54.72576409485339,58.08260380591074,54.72576409485339,37.95560550247636,58.13739201391955,0,0,0.11333333333333333,test
2025-12-21,58.08260380591074,69.27877257943369,58.08260380591074,44.72125783591793,55.74500238303776,0,0,0.09666666666666666,test
2025-12-22,69.27877257943369,61.77564191512738,69.27877257943369,52.55285340793783,56.620866843585624,0,0,0.05,test
2025-12-23,61.77564191512738,55.98657829018334,61.77564191512738,58.34246360916698,59.19278036617298,0,0,0.15666666666666668,test
2025-12-24,55.98657829018334,66.02192993580954,55.98657829018334,58.5143214375514,59.22929300654208,0,0,0.10333333333333333,test
2025-12-25,66.02192993580954,51.816198688330616,66.02192993580954,60.19200714648083,58.16449957357361,0,0,0.13333333333333333,test
2025-12-26,51.816198688330616,57.36983828992928,51.816198688330616,59.66964132994981,53.258339085342094,0,0,0.08666666666666667,test
2025-12-27,57.36983828992928,54.438525372381704,57.36983828992928,60.04736621496066,54.29930503451899,0,0,0.31,test
2025-12-28,54.438525372381704,57.75949092937841,54.438525372381704,59.52678358159937,49.859592445965,0,0,0.31666666666666665,test
2025-12-29,57.75949092937841,79.43179084465493,57.75949092937841,57.88117191730576,53.487170472644976,0,0,0.3,test
2025-12-30,79.43179084465493,54.42341465526481,79.43179084465493,60.40347890723826,58.62476373018093,0,0,0.09666666666666666,test
2025-12-31,54.42341465526481,55.63333918325964,54.42341465526481,60.18016981653561,54.91038760552982,0,0,0.33666666666666667,test
