date,recovery_score,component_count,weight_coverage,sleep_z,hrv_z,resting_hr_z,previous_exercise_load_z,previous_active_energy_load_z,sleep_component_score,hrv_component_score,resting_hr_component_score,previous_exercise_load_component_score,previous_active_energy_load_component_score
2025-05-15,41.83963428425675,3,0.8,-1.2251569376217915,-0.24057291684208956,-0.7209778924453553,,,22.703019883448356,44.01451692170909,67.28223192929086,,
2025-05-16,51.01913379727574,5,1.0,-0.2946843644076133,0.17991121523715456,-0.4299421034077933,-0.05011252154547303,0.09988002656142428,42.68574458371432,54.48568749178742,60.585984317539825,50.0,47.50507311117257
2025-05-17,48.49191729591224,5,1.0,-0.33923606628646685,0.20743663630544004,-0.30199996785009153,0.0005096175126991931,0.8642639115039935,41.59950576238551,55.16739976642445,57.49313526336203,49.987259562458256,29.644926283510156
2025-05-18,57.180513631031964,5,1.0,0.2232946094092166,0.6415266333369153,-1.1415082131953103,1.0139023744709135,0.8290421250043679,55.5592853537539,65.50984765805168,75.79564411340175,26.62168445882986,30.38476458926953
2025-05-19,70.53749731764691,5,1.0,1.4028918710208416,1.34175267328434,-1.2627607417783457,0.7619645720633614,0.44619148431968186,80.26423838271727,79.27780201665462,77.9500987991991,31.82198884010606,39.026665539849134
2025-05-20,69.8727147643233,5,1.0,0.6100031783151368,1.5597587585118642,-1.2787994506203462,-1.1151972612595604,-1.9220735662120183,64.794152709696,82.63187336727621,78.22453470615821,50.0,50.0
2025-05-21,51.601631127738614,5,1.0,0.04614566131249504,0.7298617578860029,0.8443586341199544,-1.168263683861878,-1.331227569400683,51.15343686058504,67.47749355689027,30.061760012480107,50.0,50.0
2025-05-22,59.98132887999376,5,1.0,0.656512861246933,1.0576542615153817,0.41385346138012835,-0.3288022464116635,-1.0397501964948617,65.84766166180576,74.22420164939959,39.79884943316079,50.0,50.0
2025-05-23,61.577170428755956,5,1.0,1.2970036206389064,0.18258276607078003,-0.3880754863603376,0.10598039492032653,-0.15673868145290723,78.5330265404838,54.551930731586786,59.58193260988259,47.35296725158255,50.0
2025-05-24,54.47777557178743,5,1.0,0.07620855191130192,0.6479866314531723,-0.5437979722564066,0.8675640956744535,0.5761169133431393,51.90429225025417,65.65566113546686,63.26954797401768,29.576141569077926,35.982658043597894
2025-05-25,61.83716809949448,2,0.5,0.09211160903213236,,-1.1604350189431054,,,52.30116342810388,,76.14117510658036,,
2025-05-26,71.04629079394107,5,1.0,1.1508867079990597,1.461154315783729,-1.6745470227022288,1.0783341773125847,0.1913842141144685,75.96728405155339,81.17091608902207,84.21811161560476,25.38213875639096,45.22994553008368
2025-05-27,64.50754461836209,4,0.7999999999999999,0.7745486871947745,1.0253844908649208,,0.4095037322371453,-0.537399049472973,68.45040437130396,73.60201051702742,,39.90311228190251,50.0
2025-05-28,72.60617128313726,5,1.0,1.2447697570453529,1.516384530519383,-1.2175307850539439,-0.2964134761134869,0.28934683924788984,77.63931681307147,82.00054672091267,77.16287215725673,50.0,42.8163779149066
2025-05-29,65.73081365655251,5,1.0,0.78162529954223,1.20163951018279,-0.5980244630081879,0.3304418434742874,-0.6671485094001239,68.60302974438075,76.8816314834204,64.52042045506708,41.81331197198752,50.0
2025-05-30,73.63606395888246,5,1.0,1.2312713549375578,1.6917132964607693,-1.5784227174421612,0.6182775906784898,-0.038134552890158525,77.40410136527728,84.44493421692266,82.89810203003508,35.01732878215445,50.0
2025-05-31,55.62771450257811,5,1.0,0.009065984130801301,0.9223246645732147,-0.8055300433470669,0.5995977811607041,1.5667699443677667,50.22664805088282,71.55155352501762,69.1156166570398,35.44357204960605,17.26773493439414
2025-06-01,54.66005143850799,5,1.0,0.7846747183832734,0.6452052734194734,-0.30421435686500964,1.277045130994896,2.5996816558477476,68.6686747185795,65.59291700467782,57.54724267405124,21.805362743011198,6.915891124194333
2025-06-02,64.1824065651788,4,0.9,0.6039124022266332,0.9905147776739106,-0.3006343256362632,,-0.14045360879532406,64.65508912628198,72.91895885868372,57.45975756585605,,50.0
2025-06-03,39.94637575030916,5,1.0,0.048561306419594046,-1.0900129736886874,0.40132811887545333,0.39967814732844853,-0.06585013625897769,51.21379413903749,25.161583537063514,40.099328692093174,40.13896709060227,50.0
2025-06-04,59.22473465741403,5,1.0,-0.22609508993139232,0.783305000611481,-1.1862799660345635,-0.4572777770982386,-0.6040859331603348,44.37157894869527,68.63919797382482,76.60750790329006,50.0,50.0
2025-06-05,31.02312866979308,4,0.7,,-1.4418794134263913,0.7865232450942529,-0.41825146096965987,0.11202018384746802,,19.1254479333626,31.291568319406288,50.0,47.20242024965117
2025-06-06,49.13779031563574,5,1.0,0.18542675965907535,-0.5176745069100293,-0.312350040563871,-0.10764940588906037,-0.5084588091188382,54.62243211934468,37.33961723358984,57.745877548776946,50.0,50.0
2025-06-07,47.56711568141734,5,1.0,-0.22829268387995755,0.6375209571385865,-0.006338483257699194,1.271372921315404,1.1394508967276424,44.31734200886898,65.41928547960927,50.158461550908676,21.902232118696947,24.24211912822435
2025-06-08,55.18663815145207,5,1.0,0.3797725791006699,0.685745429038735,-0.41159438478426524,0.739154169483043,1.289010955797993,59.38182506077486,66.50198089086794,60.14701207221399,32.318913129035366,21.60202638612904
2025-06-09,58.82268616361562,5,1.0,1.1878663922786823,-0.22536802130803102,-0.8647893197083023,0.14949203043641998,0.4832371098465108,76.63592530326926,44.38952606896207,70.36603083081705,46.26964377835126,38.14880207947686
2025-06-10,40.91616411711432,5,1.0,-1.0446177336380298,-0.41727166550883804,-0.2397966307423537,-0.5299736009184982,-0.7329243715780789,26.0259982311189,39.71698005911957,55.96635315021388,50.0,50.0
2025-06-11,52.882941386647225,5,1.0,-0.6192437105880398,0.8165569053389673,-0.3185030312501863,-0.6060330149103735,-0.9173180203518745,34.995347718090166,69.35049782840726,57.89593861349001,50.0,50.0
2025-06-12,43.251861471914026,5,1.0,-0.4061146725420757,-0.3274128677703189,0.26342671165169607,-0.6059561883144403,-1.3736922975852435,39.98441146670992,41.88702451105126,43.45215339292833,50.0,50.0
2025-06-13,69.51899819357817,5,1.0,0.9625939558552115,1.4524947223569236,-0.7305023828264281,-0.07104069141746053,-0.15624886050806677,72.36408576000467,81.03820772842482,67.49155073524659,50.0,50.0
2025-06-14,43.06645541595628,5,1.0,0.01771840438836779,-0.11913231605629988,0.78457591273731,0.45174659329596234,0.5451679848974943,50.44294852142982,47.02520957823147,31.33345110492014,38.89455781825174,36.698619832486855
2025-06-15,44.132549281636024,3,0.6,,0.13489679120319606,0.28868598293490827,,1.448176749372215,,53.3673150349487,42.83255905920778,,19.028232466554442
2025-06-16,52.321630886500486,5,1.0,-0.6746717878875127,0.5859058923741228,-0.6026677548957852,-0.3124769104434779,-0.2777577487429442,33.74515399216342,64.24252169146459,64.6266409070604,50.0,50.0
2025-06-17,41.6831001389757,5,1.0,-0.6339779192281346,-0.3531177898526444,0.2196731620297839,-1.0670032459967038,-0.7470825052070036,34.66091046892374,41.262656989915435,44.53014950661977,50.0,50.0
2025-06-18,39.881226069557925,5,1.0,0.20290339984688385,-0.9400930660529311,1.115159829699115,-1.6610193009699834,-1.1710619408168037,55.05525324236134,28.088154405793013,24.69101887555808,50.0,50.0
2025-06-19,39.796687980462366,5,1.0,-0.20517659713155542,-0.529306402129982,1.0434294288697061,-0.927785066235724,-0.9369210518958395,44.88850424177126,37.0678673247346,26.04888255255306,50.0,50.0
2025-06-20,50.0911851614655,5,1.0,0.06809963676922172,-0.4810890259012222,-0.6664188937996378,-0.1598393393592894,0.03729687008360409,51.70183327382536,38.199500061921206,66.07008264346295,50.0,49.06768632048941
2025-06-21,38.41220560645819,5,1.0,-0.40303523202981856,-1.3872563300393705,-0.1998322913688253,-0.1710563089944183,0.23975282207057755,40.0583311709316,19.984612939037223,54.97924863000405,50.0,44.0347264746673
2025-06-22,40.27280007322166,5,1.0,-0.0702227220636045,-0.6973108415428562,0.8001912109060629,-0.3831205413972447,0.14935693078729984,48.24515301875734,33.2408718303484,30.99846184913391,50.0,46.27300248663161
2025-06-23,43.86343268684129,5,1.0,-0.16327596966200209,-1.0204482112494027,-0.43410846832330274,-0.8032927910995898,-0.7005250171145943,45.927144941989354,26.494010361088154,60.68543047959023,50.0,50.0
2025-06-24,56.88798228455135,5,1.0,0.27689110045183074,0.03711277982975354,-0.9810051353251051,-0.806408092074944,-0.6285840812370705,56.878387158007634,50.9277130154099,72.73076116263044,50.0,50.0
2025-06-25,50.244347210860695,5,1.0,0.2875385929978871,-0.49017318773604573,-0.3447671579404529,-1.176461573841217,-1.308604717380452,57.13934332430735,37.98527699008602,58.53480558271343,50.0,50.0
2025-06-26,33.62137097275119,5,1.0,-1.2566591167104715,-0.9348754246483008,0.2988474073409716,-1.1219980298186152,-0.23160890054540814,22.154954275604673,28.193664420877486,42.58392681903271,50.0,50.0
2025-06-27,30.57549129919371,4,0.9,-1.7855942552573356,-0.9026684643563682,0.08916759805839304,,-0.08159508475438448,14.361373052207073,28.85024359647675,47.77228587334597,,50.0
2025-06-28,50.61388366031342,5,1.0,0.29171069720721643,-0.3237716006888178,-0.39910566528839264,-0.07106199556309681,0.4560318586137759,57.24148882540606,41.97568558643547,59.84727676356548,50.0,38.79275984047862
2025-06-29,55.70217025142958,5,1.0,0.49120149009508807,-0.020503021720680744,-0.5457127931949377,0.04499168100168065,0.12259021872717465,62.038943183254155,49.48744241234318,63.31403554611837,48.875397675040155,46.93907696022682
2025-06-30,37.16201211456442,5,1.0,-0.8279826313171983,-1.1654327106406472,-0.18238631533138805,-0.2816933950143749,-0.4984119909343568,30.407180106791746,23.76815352555592,54.547060124300586,50.0,50.0
2025-07-01,35.26768322068439,5,1.0,-1.219823438283338,-1.2075650835797922,-0.30733498484279,-0.5986184557633112,-0.09931473723118615,22.796752364827356,23.013216488613963,57.623462823259956,50.0,50.0
2025-07-02,48.680057884272166,5,1.0,0.023156584995113083,0.3386543418170318,0.8495648476593298,-1.24733884515057,-1.2023925846257641,50.57888875710654,58.38636094870418,29.952414862644744,50.0,50.0
2025-07-03,50.596012857523725,5,1.0,0.5587940402503278,-0.40916492400535054,0.09257848739450979,-0.849166090773402,-0.7393750755079775,63.61734585745673,39.91123736026337,47.68718946103849,50.0,50.0
2025-07-04,48.27293268165228,5,1.0,1.0662199284350036,-0.8520742770148726,0.6219693458800342,-0.48402975784813573,-1.1071538530356628,74.38773863236752,29.89979116915904,34.93336870597159,50.0,50.0
2025-07-05,52.799004120048394,5,1.0,0.26547234024215305,0.1884490577765604,-0.4508510212201341,0.2581861914389475,0.9269467278413226,56.59810352382359,54.69733328052734,61.08415528075704,43.58096346739528,28.35445675852187
2025-07-06,49.38742246098963,5,1.0,-0.042945960794698236,0.22168679488520826,-0.40239771295269927,0.6189730342860161,1.0625784814505888,48.926515965580684,55.51958335611088,59.92635998570589,35.0015054761777,25.681701197232226
2025-07-07,42.68790180853453,5,1.0,-0.29182920241984744,-0.9302433874759533,-0.27674452620711737,-0.6524413921493187,-0.7622071583656685,42.75561071231054,28.28753390736089,56.874792113165505,50.0,50.0
2025-07-08,62.54918333171007,5,1.0,0.4169303261964935,0.3157967371701693,-1.7815418037920834,-0.7222827256474743,-0.9117402393395152,60.274847105177244,57.82995446374133,85.58871430517247,50.0,50.0
2025-07-09,62.32190026216745,5,1.0,0.27281351369189444,0.6697023474345285,-1.2211452064897883,-1.1239115465210257,-1.113862616430671,56.77834876603658,66.14365066103248,77.22650217023369,50.0,50.0
2025-07-10,23.52798171934882,5,1.0,-2.3798146801301803,-1.336019595594823,1.1688462817551792,-0.9860551492381783,-1.02336071653111,8.472493555449224,20.81653967058009,23.70635875770013,50.0,50.0
2025-07-11,30.84095267419753,5,1.0,-0.568852176707071,-0.7975478529138882,0.8576172806861609,1.4685695715863383,0.9192817643191245,36.15017212482176,31.055030111581868,29.783740427534212,18.7160129406944,28.510426237001617
2025-07-12,19.126139319558806,5,1.0,-0.5444832619235886,-1.9328447080589668,1.755162794827231,2.9100176464156986,2.370948973646367,36.71452789722121,12.643604815648173,14.73972012473336,5.166057093034681,8.541497714478519
2025-07-13,20.675917287621175,5,1.0,-0.9635745053867539,-0.9054313079193814,2.7634566888236685,2.0614492965602773,1.7846278026265736,27.616309043866707,28.793564199404997,5.933115071287773,11.290059569596052,14.373263434225029
2025-07-14,13.806672615351273,5,1.0,-1.9537725553901892,-1.3897650746067012,2.0691983326020504,2.5386914116011363,2.0658541013522345,12.414258173810829,19.94452639978831,11.212682325985334,7.31898895065489,11.24601883008975
2025-07-15,22.10015996940489,4,0.9,-0.8056531849131799,-1.2433063580835824,2.745030443587479,,0.9933904155400843,30.881754833340327,22.386099065960117,6.036792639768561,,27.02429274720554
2025-07-16,30.291462865210143,5,1.0,-0.9554170810321236,-0.41419074130780753,2.0149516357335093,1.0111795561202492,-0.822455411798677,27.77967092231943,39.79076869828078,11.764201235769015,26.674907318762767,50.0
2025-07-17,64.58676382181953,5,1.0,0.9916673867342404,1.7370276406469016,-0.33090497999309576,1.4224191664835757,0.5699174866114382,72.94171366202556,85.03091269258155,58.197955610851515,19.428261472376857,36.125586460294066
2025-07-18,73.77708189800961,5,1.0,1.4407802014383497,2.0363906766409987,-1.2779805830816544,0.5924774449539192,0.49801233389596383,80.85754410253013,88.45652326956167,78.21058309223612,35.606661551028715,37.80078912831983
2025-07-19,63.75465726691317,5,1.0,1.0449945560217129,1.7098988037759957,-0.3892965745361762,1.262556358627299,1.3688993713083661,73.98125587600204,84.68231581592791,59.61133524743488,22.053414322679554,20.27977277579256
2025-07-20,59.155370578180985,5,1.0,1.260235025906296,0.9176300432061827,-0.0689319109771375,1.4670188946449714,1.30805790451445,77.90665635275555,71.45589646665688,51.72261572883328,18.73961502242838,21.281200843477635
2025-07-21,69.61791075217997,5,1.0,1.3041667422177066,1.209212325689617,-0.9201359441840739,0.5685710770219777,-0.17207095103173087,78.65354037197422,77.01595494808383,71.50698044557473,36.156660670476185,50.0
2025-07-22,68.45755386539898,5,1.0,1.0881841158651377,1.418408621062176,-0.37714791371399997,-0.1213111729349418,-0.13451956596772635,74.8039624581382,80.50888171667717,59.3185030647718,50.0,50.0
2025-07-23,53.83214186643226,5,1.0,-0.22440230050079202,0.8001903394991076,-0.17935538506488843,0.06597400297042628,0.3729968925037091,44.41336639502258,69.00151951197759,54.4719032349248,48.35124790797441,40.781706565498006
2025-07-24,67.33472355744266,5,1.0,0.9355896161228626,0.986999613300944,-0.831547180999722,-0.26755817974399554,-1.2013623038455228,71.82079201727059,72.84948826151378,69.66819736903675,50.0,50.0
2025-07-25,66.27104461866429,5,1.0,0.41162759186305314,1.2825865730700987,-1.1919234635949358,-0.18571897365660242,0.2418472117347401,60.14780805587753,78.28897467070045,76.7084897647185,50.0,43.98311847747202
2025-07-26,55.9529507825696,5,1.0,-0.11295339508806133,0.6325314466275835,-0.9759978975241935,0.4372804370085868,0.5077782610333951,47.179163614826855,65.30632382350512,72.63133903670159,39.238917711890565,37.571449725406346
2025-07-27,61.69373161347719,5,1.0,1.7041893774191486,0.5031575880915441,-0.2404519222708141,0.6458124818400095,0.8571135511267812,84.60810999798838,62.32010886887605,55.98250153994444,34.39338044345831,29.794276010831513
2025-07-28,63.93614472251943,5,1.0,1.8111254628826157,0.6587120945904088,-0.23559105813407696,0.8380561701645785,0.3268393573457501,85.94978416270149,65.89710190528518,55.86268504871312,30.194433489631574,41.90098543417646
2025-07-29,72.46050118198006,5,1.0,1.552342192431133,1.1811680689027637,-1.0325541864836798,-0.012349836282499624,-0.3452577573315876,82.52517597902423,76.51577606602777,73.74107784232231,50.0,50.0
2025-07-30,62.66961304687143,5,1.0,0.8501903620742252,0.6230837056432867,-0.43132782324770924,-0.22105518532811247,-0.01800446434755933,70.06070737386517,65.09195639918129,60.61906957478745,50.0,50.0
2025-07-31,65.69989256328458,5,1.0,1.3686921795914246,0.8452160849420468,-0.1599300173656374,-0.6328095904958925,-0.5402819646924696,79.71687733268296,69.95626452195789,53.989750034461565,50.0,50.0
2025-08-01,56.0809419649829,5,1.0,0.3416798856009843,0.7937142156719298,-0.05868913761354318,0.1522213029615287,0.8613392739250881,58.459852943185176,68.86282878006266,51.46680744005935,46.201798708240915,29.705960891725926
2025-08-02,45.76018674021462,5,1.0,0.44209077142952996,0.11502114994696341,0.6519852493189144,0.8805039042848394,1.4800590969018548,60.87571068072482,52.87236269916869,34.254230548080116,29.3073368441981,18.54184932210737
2025-08-03,45.56874018423452,5,1.0,-0.43741451890892136,0.5601189315171758,0.33708076301196765,0.5397256261820943,0.999329518928406,39.23572097854819,63.64800582931594,41.65187684512528,36.82514109147986,26.907326637022447
2025-08-04,58.269249236009,5,1.0,0.6159248468509166,0.4387652164921119,-0.9246247859593579,0.41072682045505265,1.2399062215678174,64.92911521778477,60.79647672554426,71.5983499801139,39.87378560525209,22.445230964623075
2025-08-05,44.112957892623854,5,1.0,0.37727341027701505,-0.6394611052974519,0.8579282682692945,-0.8061583075410466,-0.575053366339092,59.321531469115605,34.536836743455495,29.777237144262624,50.0,50.0
2025-08-06,54.71888868336653,5,1.0,-0.5734890978412038,0.7127994687321313,-0.7943615919678939,-1.1451514460407324,-0.8832656202723744,36.04321241519991,67.10194447174267,68.8767080864188,50.0,50.0
2025-08-07,45.36515061463739,4,0.9,0.13019661020775866,-0.39647207378724314,0.4496814125468578,-1.0778385795373369,,53.25032515407957,40.21602564038709,38.94365157416828,50.0,
2025-08-08,39.291288832155935,5,1.0,-0.14221617560283994,-1.20112159399797,0.31911200210448776,-0.9255309245993314,-0.6335096935738995,46.450575983011404,23.12757512590917,42.08921749739881,50.0,50.0
2025-08-09,51.23952710038928,5,1.0,1.0394652340546975,-0.7029408896418091,-0.14062875813319253,0.34670999929591517,0.28245689978758654,73.87468094556259,33.11605175590495,53.509936353014325,41.41804643831029,42.98515375515128
2025-08-10,49.09841915721019,4,0.9,0.4404608472274116,-0.8538610724625598,-0.8464702109835526,,0.8557489563506552,60.83688359354672,29.86235372086286,69.98261648602464,,29.8228274996136
2025-08-11,47.46053278668467,5,1.0,-0.10410141734564339,-0.36567484367802905,-0.19117872067794744,-0.2407740134004642,-0.49790001261100447,47.399812351239554,40.9586543771053,54.76496384090606,50.0,50.0
2025-08-12,50.43919640713466,5,1.0,0.06726956543990119,-0.5801561562191605,-0.887617421429588,-0.728825418886729,-0.37030575785591774,51.681105239798136,35.889666291278,70.8398247390591,50.0,50.0
2025-08-13,41.49261753369595,5,1.0,-0.13352973045013383,-0.694817765995077,0.5100279952364855,-1.1921853411411076,-1.3604924785902293,46.666708036342634,33.2962195548072,37.51869628175501,50.0,50.0
2025-08-14,42.7786376416425,5,1.0,-0.3548924198194863,-0.19888859973602493,0.6411995498838596,-0.9883943307432741,-0.5377639364519903,41.21965269323701,45.044110788029805,34.49754298631226,50.0,50.0
2025-08-15,36.712217174785614,4,0.7999999999999999,-1.000893084585316,-0.5027558269113314,,-0.7782875547025033,-0.23035439627019183,26.876586652139185,37.689325813955776,,50.0,50.0
2025-08-16,40.55255430829177,5,1.0,-0.46611422932521673,-0.4431012328269106,0.13879146128861639,-0.36432901057232087,0.8715873499165797,38.55363647975486,39.10022561554766,46.535772654322535,50.0,29.492411488365068
2025-08-17,42.62699613424203,5,1.0,-0.6880958024623526,-0.43445507400976313,-0.49879251973315514,-0.08260986849994316,0.6821162971355066,33.44568052574627,39.30630043349965,62.217552692586736,50.0,33.578913079509014
2025-08-18,43.402269785870146,5,1.0,-0.9301846837985606,-0.35331069284676364,-0.5189956743554152,-1.213404838551024,-1.3636965785862027,28.288724767032797,41.25798175826502,62.69128914140402,50.0,50.0
2025-08-19,37.89264010807937,5,1.0,0.24989177393561435,-1.7617394552849177,0.7011907197459657,-1.7530212647880388,-1.4713266942617131,56.21498625834859,14.657261913538006,33.154828282566946,50.0,50.0
2025-08-20,46.26213182310866,5,1.0,0.14584259671082028,-0.724820630458445,-0.076092108957499,-2.0927607665653816,-2.430780550199749,53.639615965172815,32.6332331834752,51.90138539257125,50.0,50.0
2025-08-21,23.243422432095517,5,1.0,-1.3960851602548097,-2.042601813236679,1.4350637646742659,-1.7871546660085103,-1.8438037675995338,19.843807237146102,11.480206404503088,19.231091698003798,50.0,50.0
2025-08-22,44.814630028698254,5,1.0,-0.30761697727586723,-0.5029395775907343,-0.29092792466405126,-0.5553552330380205,0.25994770286232183,42.369651400051524,37.68501062371045,57.22232890608653,50.0,43.53765640352359
2025-08-23,47.18092616656129,5,1.0,0.384063190730817,-0.3656975782297966,0.47923627380397205,-0.525204904132874,0.24146096737514997,59.48527201346564,40.95810459901214,38.243248426095704,50.0,43.992634975988274
2025-08-24,56.34966236178978,5,1.0,0.41478192035400124,0.31409315113263414,-0.2109544360896389,-0.10715764112938685,0.04190804624718853,60.22339374620629,57.788403718109564,55.254389534813974,50.0,48.952452155322305
2025-08-25,57.644118148199006,5,1.0,0.6431620755854122,0.4943766719696334,-0.010482336696061863,0.2844782155957213,-0.05126667238842564,65.54679019116293,62.11369210745904,50.26205601785982,42.93562255040451,50.0
2025-08-26,53.636845921430734,4,0.7,0.05336574435259825,,-0.4359023094757985,-1.0528614695610237,-0.9280806630710688,51.33382707303212,,60.728220115459386,50.0,50.0
2025-08-27,43.141862309158306,4,0.9,-0.36582244531835745,-0.5527955821732893,-0.11706729169580046,,-1.6067955246624526,40.955085042071545,36.521605610393664,52.923344412514574,,50.0
2025-08-28,47.64706695317224,5,1.0,-0.5921693772921531,0.06586993985416002,-0.2959622814514875,-1.4549216951108976,-1.6732156721655114,35.61372533752981,51.64615333849703,57.34551675182095,50.0,50.0
2025-08-29,52.846817201417075,5,1.0,0.34200569958687116,-0.3017545817216787,-0.5220690878826849,-0.4824033109884123,-0.2102760406557832,58.46776489250637,42.51286172294928,62.7631460839019,50.0,50.0
2025-08-30,50.8195973057613,5,1.0,0.365914455862544,0.09207875768959276,0.17065985272303566,-0.16607287276995078,0.7233366990884668,59.04713992874081,52.30034388351551,45.74382867742045,50.0,32.665864266003126
2025-08-31,60.52054018994887,5,1.0,0.9897663349474107,0.8640597423295895,-0.09583334406427853,0.319609733948217,0.9160992424089807,72.90417666558176,70.35081524231923,52.394001666770016,42.07708616219703,28.5753366800487
2025-09-01,57.10493136048067,5,1.0,1.197158320984445,0.05918598805226431,0.024829051257533263,0.5130711631612429,-0.44451177387081686,76.80188789042965,51.47921792046972,49.37930560546646,37.44738496117563,50.0
2025-09-02,57.13627220038633,5,1.0,0.39288726661651296,0.8086083202907156,0.30789767320099215,-1.2135824753915831,-0.924526816339651,59.697755630653994,69.18128665319209,42.362797576162514,50.0,50.0
2025-09-03,51.50667952894943,5,1.0,-0.26220166368315057,0.694444695154774,0.31183166389550976,-0.5815090433265779,-0.8101541480816978,43.4822567724153,66.69549408628556,42.26677135669585,50.0,50.0
2025-09-04,53.63023047141985,5,1.0,0.3547103963411634,-0.09888957575926355,-0.3512714524014557,-0.45905933802440424,-0.4897534616763602,58.775936979418304,47.52977333737853,58.692586881904006,50.0,50.0
2025-09-05,30.091015818241864,5,1.0,-1.2134666980542252,-0.4247840134437982,1.8380343404774566,-0.18454855152429317,0.5703703409333718,22.908823352664204,39.537254637396735,13.728393355831587,50.0,36.11513750057266
2025-09-06,25.245740142728984,5,1.0,-1.5497516048500264,-0.5838161784559753,1.4354689273923535,1.55387548898863,0.549331742413428,17.512214703604595,35.805496457909655,19.22479919423957,17.45272317928598,36.60194637498196
2025-09-07,18.382346897140664,5,1.0,-1.6441210627006912,-0.8982298624840415,1.8417545150947545,2.432784978012556,1.9020043412973733,16.19050886126073,28.94143969671553,13.684392127758416,8.07065997876157,12.988179063199437
2025-09-08,20.7547769065876,5,1.0,-1.0292013697502016,-1.256654238271753,1.6183899781019837,1.8106084852231132,1.7370267968345354,26.32389645912051,22.15503841187959,16.542703158963004,14.056460087187665,14.969098047762067
2025-09-09,19.514440029344588,5,1.0,-1.4031732255372482,-1.335688975764201,2.78805348491265,1.5491153593252949,0.22622087055150272,19.731305127763385,20.821989887851437,5.797316748225833,17.5214074487759,44.36847430137386
2025-09-10,19.763262041116043,5,1.0,-1.5780916809995296,-1.1395729629805058,2.1211840875720016,1.0894513360929194,0.994110858830146,17.106591633998914,24.239877413436606,10.705482603498075,25.172160946329985,27.010087115527735
2025-09-11,27.966521665023734,5,1.0,-0.9227094783419604,-0.35809686619132397,1.51647424126675,1.9714728589562915,1.2254466241605395,28.440614122854715,41.14203389117471,17.99812921785832,12.223077523277421,22.697936649154958
2025-09-12,19.69963101137877,3,0.7,-1.39628288692467,-1.3123780289275,,1.7544504756094115,,19.84066237627935,21.208918590564878,,14.748674179118698,
2025-09-13,63.79826657449722,5,1.0,0.8582114938009775,1.1831121170517753,-1.650802138498006,2.0026212189867847,1.5196128686437684,70.22868487527624,76.55069092310158,83.89994322642158,11.892798542864314,17.951853354131142
2025-09-14,57.443213363997614,5,1.0,0.9331382142618724,0.19734427268902813,-1.2464079612919448,1.2163223892641346,1.645501532321896,71.77115271832662,54.917657416980354,77.66774427750687,22.85842892121736,16.171785757824104
2025-09-15,49.99613867434942,5,1.0,0.04627187875029526,0.6532197976660279,0.07030213747779938,0.8310834993529876,1.2457902326437436,51.156590612716776,65.7735669470087,48.24317008175505,30.34160186887342,22.342972031934217
2025-09-16,55.166471218742025,4,0.7,0.5440590503271873,,-0.4622337508150708,0.6856316502065207,0.4000884155972197,63.27561500694148,,61.354394996268525,33.50055379027355,40.12910972755917
2025-09-17,77.51015796431757,5,1.0,1.7544773687328539,2.4772131941501834,-0.9291397380327109,0.03169126850840872,-0.3017056310788696,85.25166395675721,92.25288610063772,71.69007244028666,49.20778459041756,50.0
2025-09-18,51.81173635130821,5,1.0,-0.08760337342135949,-0.146924907359746,-0.7464974327545498,-0.062018575199670446,-0.2688461317789989,47.81131521341173,46.33347070297426,67.8415028819621,50.0,50.0
2025-09-19,54.55750465131979,5,1.0,-0.642227824472582,1.409588493938581,-0.6612926741300366,0.9849025218533285,0.3252512105335971,34.47431103996704,80.37010302123278,65.9550709954156,27.192009998519172,41.939652340247996
2025-09-20,44.401376760290425,5,1.0,-0.5780773258245003,0.5843202248650173,0.7358665785775799,0.34320264185832466,0.5194510836865828,35.937512085656905,64.2060883006997,32.3908669682492,41.503172743794224,37.29805976354177
2025-09-21,57.63667253208928,5,1.0,0.6574527125014105,0.8951505073285247,-0.04681689158752155,0.6882422806248435,0.8476821052702258,65.86879437281077,70.99519118121644,51.17020855682193,33.44242006755383,29.991931477613495
2025-09-22,59.99767491565441,5,1.0,0.6669226079912909,0.6602345901498489,-0.3468116989332822,0.10599150900873114,0.42980999949783916,66.08137375444072,65.93130839054794,58.58442112937666,47.35269017819393,39.41717028463084
2025-09-23,63.96868534942932,5,1.0,0.6407065172541554,0.7824503979014433,-0.7849806009005098,-0.3565910898578781,-0.00986964512867176,65.49131523303322,68.62079903458744,68.67525534571561,50.0,50.0
2025-09-24,64.65804581888047,5,1.0,1.2772702475408424,0.46438283662810653,-0.5703549521683626,-1.2616792850262306,-1.7880938574330703,78.19847539101171,61.40533904028838,63.88450744745222,50.0,50.0
2025-09-25,47.3090705391522,4,0.7999999999999999,-1.2883848679910308,0.9056810857122488,,-0.28124699756591215,-0.5975312568786064,21.612631413268318,71.21155669113756,,50.0,50.0
2025-09-26,53.46641954885691,5,1.0,0.5993075739335274,0.016838102373656207,-0.05754348879892967,-0.14830013620760318,0.5375562383168135,64.54978740815676,50.42094261385824,51.43819039083987,50.0,36.875624640844464
2025-09-27,65.43747449522802,5,1.0,1.2268131931521387,0.9916176430105252,-0.07151952546501718,-0.19224967746663993,-0.12238476476404153,77.32603218743718,72.94073187000245,51.787226389980624,50.0,50.0
2025-09-28,48.83910047163726,4,0.7,-0.5774573884453658,,-0.8312062663092789,0.08616490209175826,0.12620119031106222,35.95178581576588,,69.66099280629517,47.847209212851624,46.84915102872118
2025-09-29,49.405267813413076,5,1.0,-0.10370662555252978,-0.1001262197531079,-0.5097866510738548,0.20811515758487106,0.42384100646341855,47.40965555520564,47.49893364381175,62.47564591681543,44.8158189695068,39.55979973394089
2025-09-30,45.13650213182558,4,0.7,,-0.8304589186655649,-0.5085031404232547,-0.27257871612590817,-0.017596504372187932,,30.35480429824552,62.44555101402125,50.0,50.0
2025-10-01,48.19586647983864,5,1.0,-0.6492241577081826,-0.03327915430144044,-0.652285304393847,-0.22411173320638958,-0.5814232681686463,34.316439290518474,49.16809791882277,65.75252658518136,50.0,50.0
2025-10-02,52.18942524183056,5,1.0,-0.2644424400399117,0.5541645652284172,-0.36843048219091584,0.2665252976377108,0.42674799581932066,43.427197331542175,63.51012611396278,59.1079673226272,43.3760327452529,39.490314691283416
2025-10-03,59.17251733537934,5,1.0,0.8076960497973183,-0.22965301780932976,-1.2309879120978298,-0.3288502470836005,0.13660962204053037,69.16183292972632,44.28377554782281,77.39914352177964,50.0,46.59006087758673
2025-10-04,53.09067002034119,5,1.0,1.075997411957271,-0.3112843856966064,0.19699454993987367,-0.4296394601599905,0.39865377083632575,74.57357836718238,42.28012658873397,45.09100122588095,50.0,40.163582883901036
2025-10-05,35.633528006223074,5,1.0,-0.4471642972674955,-1.168417109581692,0.6264175823094249,-0.8472908985906209,0.05930935399356048,39.00351909251881,23.714121832216886,34.83232832602312,50.0,48.51770063597742
2025-10-06,53.41391527763629,5,1.0,1.1103004993369459,-0.41742975870320825,-0.2672093153321374,-0.22163782240716576,1.042722880278043,75.21851295601476,39.71319495933441,56.64076680923155,50.0,26.062495411852282
2025-10-07,45.04493649265168,5,1.0,-0.07583879622565416,-1.4667286922753013,-1.096012544858361,-1.390364142827084,-1.2726389614792837,48.104938298218705,18.74403459115525,74.95122312919746,50.0,50.0
2025-10-08,52.97085922128588,5,1.0,0.9882064129293997,-0.9064196216773047,-0.5058926305991706,-1.6470698163588187,-2.4747776822712226,72.87335097907778,28.773305177768968,62.384311871159234,50.0,50.0
2025-10-09,41.32494209662315,5,1.0,-0.3189084287542624,-0.47092338051057525,0.583020646852858,-1.6148300968807328,-0.7963548220542099,42.09417951386752,38.43977151238732,35.82378394373347,50.0,50.0
2025-10-10,48.31109118435815,4,0.7999999999999999,-0.3478481936716295,0.16460306842077155,,-0.8369420030582665,-0.79859714239439,41.39043255852945,54.10581059975895,,50.0,50.0
2025-10-11,59.27251243062817,4,0.9,-0.16011716571396514,1.0830060146647997,-0.7427276582758036,,0.5841129396116351,46.00560108202709,74.7062422084683,67.75920318086956,,35.79867564242823
2025-10-12,56.70228215304244,5,1.0,1.7185964238748157,-0.6049896947365351,-0.6244285024783688,0.01527094393797545,1.004064850436165,84.79479585254234,35.3202961682379,65.12250710960247,49.6182338205662,26.81429742831251
2025-10-13,55.906956401259635,5,1.0,0.4033149144698194,0.3896269897645694,-0.007330847916879258,-0.521377277932022,-0.8828553258790709,59.94838427418557,59.619290145242154,50.18327037715655,50.0,50.0
2025-10-14,45.980243168006915,5,1.0,-0.4663938225715831,-0.4415910255977382,-0.5483990258678303,-1.5448730151439247,-1.8387146612272949,38.54701318154641,39.136192506990184,63.37640730722969,50.0,50.0
2025-10-15,49.97410138820902,5,1.0,0.5308071804612734,-0.47045694984679215,0.09031776640467146,-2.2105197446866365,-2.701804515419043,62.967135431035786,38.45080954122968,47.74358948264691,50.0,50.0
2025-10-16,44.498553134590345,5,1.0,-0.39523039078437455,-0.23941157498734977,0.15795813405146145,-1.503687043699152,-1.7615956558153143,40.245882723451864,44.0431363918332,46.05923700002413,50.0,50.0
2025-10-17,36.63982003257954,4,0.7,-0.6402855853082149,,1.0220888214240076,-0.6890297942280609,-0.30219009946743186,34.51819852979537,,26.462072319335334,50.0,50.0
2025-10-18,48.07228936018176,5,1.0,0.3828452725295923,-0.1909037526098231,-0.19555362756731595,0.7536513486259754,1.1050044698037433,59.45591643652033,45.24184801883296,54.87332043462472,32.00262113043614,24.880338236072202
2025-10-19,41.87982865995406,5,1.0,-0.1214743878220131,-0.523515542004384,0.23300726817610187,0.21538190197268267,0.696886925993579,46.96686913422084,37.2030550520192,44.201031240088795,44.63617181804567,33.2502797425972
2025-10-20,48.034483855988825,5,1.0,0.283266064324376,-0.9752864750231016,-0.6920593660260063,0.24898159315910345,-0.2504049854804379,57.03467605737947,27.38280505646349,66.6424886292044,43.8074179599506,50.0
2025-10-21,43.98317819706071,4,0.7999999999999999,0.2774193660557801,-0.9913881225647326,,-1.001130719681613,-1.9115585198058436,56.89134339289398,27.063798465934568,,50.0,50.0
2025-10-22,60.85570473632839,5,1.0,0.5085840778856138,0.4292419921051384,-0.8355848856304743,-1.647662749519136,-1.578926505098195,62.4474490660161,60.56926486269315,69.7534527885781,50.0,50.0
2025-10-23,55.98384854058801,5,1.0,0.5267309178603887,-0.044045238490559906,-0.5007102555673061,-1.3388550787112656,-1.5035318419673442,62.87203282591011,48.899047017823634,62.26262293733945,50.0,50.0
2025-10-24,38.28769284496031,5,1.0,-1.185818822670782,-0.4501784370898986,0.08246360073740559,-0.5801883586060872,-0.21589238537157812,23.400756986604105,38.93183418715309,47.939577464165765,50.0,50.0
2025-10-25,60.08253467387274,4,0.9,0.7080339523585905,0.3120069862600063,-1.094468416550992,,1.6073366798015571,66.99665897012022,57.73750679667479,74.92222193351206,,16.695870897445516
2025-10-26,51.47935991282504,5,1.0,-0.32851761169548305,0.6784272703944064,-0.24240071261328083,0.24230752899112132,0.6559898189924368,41.86013547221032,66.33875901078592,56.03051820682797,43.97177750839754,34.164101757208215
2025-10-27,45.651281974408406,5,1.0,-0.35161842098821955,0.3835234781026593,0.14728414261562936,0.6498341296412186,0.9821138418165956,41.299001330380676,59.472264113691665,46.32453823289258,34.30269168061767,27.247255265464215
2025-10-28,55.048670391903386,5,1.0,0.5272154685974658,0.10836415242419863,-0.07438041612088953,-0.7099511292967818,-0.5977430771519787,62.883343040299636,52.70645588364436,51.85865357360095,50.0,50.0
2025-10-29,70.03386454649595,5,1.0,0.6879511099170295,1.322714460905645,-1.5094339077868582,-0.2289135164176729,-0.3589663663257578,66.5510986068768,78.96329675751907,81.8977296858859,50.0,50.0
2025-10-30,64.68549142975661,5,1.0,0.19422670217172835,1.5102555903430237,-0.7676810430062273,-0.2694118826257499,-0.8415461281578226,54.840460314502955,81.90990822340603,68.30190434191951,50.0,50.0
2025-10-31,67.20656307149373,4,0.9,1.1185884210347998,1.0804560348211585,-0.10071306669987819,,0.01057819941654595,75.37267891810984,74.65802739924062,52.51570060541408,,49.73554748056409
2025-11-01,58.673158570832335,5,1.0,-0.20509514296450418,1.188240020017909,-1.5361249651453215,0.8122504692616035,1.0042364862084336,44.89051932248928,76.64261454483929,82.29007029286471,30.741114178462702,26.810929342145556
2025-11-02,64.74570628107188,4,0.7,,1.4965236532351949,-1.2099144005856863,0.7261075563115439,1.2985087470410048,,81.70554188914961,77.02838028660688,32.60494779020218,21.441609936638226
2025-11-03,60.675117710165566,5,1.0,0.4816485138900332,1.4767794931778138,-0.24810647019983004,0.8533197033012506,0.6248204876075026,61.81370716839334,81.40856492988526,56.171038392719254,29.873693799706746,34.86859022167459
2025-11-04,69.82517377888959,4,0.9,0.9558213416162555,1.2779003866557572,-0.556179073315283,,-0.08214097978910871,72.22843885525384,78.20921638349783,63.55679914687567,,50.0
2025-11-05,68.90568669765584,5,1.0,1.1601523050140838,1.3215371338194661,-0.48567800926797483,-0.8903187132441615,-1.1777522645264245,76.1360388356284,78.94373318544473,61.90877545666952,50.0,50.0
2025-11-06,56.604187165556624,5,1.0,0.1678081249086582,1.1134933289688804,0.4546369269143169,-0.7537417254608234,-0.9315687949058824,54.18538617401626,75.27798021716897,38.82588624100527,50.0,50.0
2025-11-07,48.46919121482756,4,0.7,,0.31072354686681863,0.09896833505256422,0.486323277703073,0.7066407867716639,,57.70618608828057,47.52780916477604,38.07600911499764,33.03415279440145
2025-11-08,62.70969172064946,4,0.9,0.7367311019204629,1.3097605306573377,-0.19656627548391079,1.6986379675455352,,67.62806250489312,78.74730812322167,54.89839489667658,15.464323808147581,
2025-11-09,35.37871314907164,5,1.0,-0.4455992845113848,-0.1340438347923481,1.364900964948253,1.1996404586947034,0.7145141116978702,39.04075835856654,46.65391276862327,20.344492157148967,23.15391830753894,32.86021548731018
2025-11-10,48.095361309860316,5,1.0,-0.44165487548576565,0.17376644874993197,-0.33539394379722715,0.6555181743735335,0.00956596304854729,39.134671627454495,54.33326320831005,58.30712247448602,34.174710894903775,49.76085274743377
2025-11-11,70.1574792579589,5,1.0,0.7612935675476535,1.5930056623831572,-1.1500751320445284,0.16566012125221796,-1.0888873037978999,68.16345153955761,83.10385585800977,75.95246398563123,45.86794241562435,50.0
2025-11-12,64.55751626371836,5,1.0,0.6434080574976038,1.2544840881741872,-0.4090038012002475,0.18751565773121925,-0.5879672132531367,65.5523449816248,77.80751130270782,60.08489850264147,45.3257967789028,50.0
2025-11-13,66.96119825352145,5,1.0,0.633125435212815,1.58757428525513,-0.5016686070606521,-0.19279065868710132,-0.15353741322270906,65.31978069673265,83.02745482470556,62.285137985449886,50.0,50.0
2025-11-14,59.016560534871886,5,1.0,0.4499613720220796,0.45347152533431345,-0.5135395869439863,0.06361641122124237,-0.08046802511301027,61.063004976211815,61.14643024753896,62.56358690139103,48.41012587468457,50.0
2025-11-15,50.604684151691266,5,1.0,0.5834616565802131,-0.10968398687951295,-0.5978439717277362,1.2750054863673697,1.335015043032837,64.1863543898058,47.260646111488924,64.5162886173063,21.84015995604347,20.833102822372442
2025-11-16,49.59103548016541,5,1.0,0.9745062886704802,0.4322766679199835,0.9845823396453719,1.0602087779997422,1.654029514785475,72.60167849335218,60.641718446563374,27.198349414654146,25.726955897191413,16.05650925540771
2025-11-17,46.0949696418836,5,1.0,-0.21185726042327474,0.36092320900138397,-0.14613336295244944,1.0919665783643875,1.5449179050764317,44.7232901744328,58.926389853911736,53.64684652740797,25.1248139782081,17.58214930077834
2025-11-18,17.86082179876094,5,1.0,-2.741233860354102,-1.8561770078325037,2.2034432109838575,-0.22397860303225975,-0.3807735628390576,6.058364220981346,13.514927542716201,9.944171348258394,50.0,50.0
2025-11-19,16.1420946271258,5,1.0,-2.765745439345006,-1.3097976686945931,2.8838616533114725,0.6449224863717762,0.6234913595315807,5.920354209636303,21.252070344091162,5.29571294886406,34.413465387130465,34.898781325217016
2025-11-20,15.087230781235238,5,1.0,-2.2324230070144115,-2.184964914542236,2.799718358010995,0.6563048733559582,0.1663085784426806,9.687644155229703,10.110879313590278,5.733939719862248,34.15701583140852,45.85184213475941
2025-11-21,12.774357630184118,5,1.0,-1.7775265819893056,-1.7603868037560197,2.615117567022181,2.5208682285268624,1.432998696683206,14.460881988491206,14.674190198166054,6.817179404807016,7.440812681535401,19.263188250719963
2025-11-22,5.7752898470700655,5,1.0,-2.804331979203248,-2.8104633062025024,3.0,3.0,2.269323335308206,5.7090532324454255,5.676137052384845,4.742587317756678,4.742587317756678,9.369565662939818
2025-11-23,9.265414729207452,5,1.0,-3.0,-2.253597151988788,2.1341702333682266,2.2913161167244143,1.4136388731946434,4.742587317756678,9.503963328443602,10.581974701329893,9.184471461950002,19.56607448886389
2025-11-24,8.734436616473538,5,1.0,-3.0,-2.5183571837816956,3.0,1.730272539024887,1.035507163746405,4.742587317756678,7.458125130160305,4.742587317756678,15.055272233701247,26.20178195176982
2025-11-25,27.226633729714603,4,0.7,,-0.7711327542665181,0.9798612956726236,1.8448037987788832,0.9702070071400862,,31.623411972335752,27.29193064961807,13.648414569853518,27.483924321905306
2025-11-26,43.391741053356235,5,1.0,-0.29199716732384545,-0.5125969413420128,0.13445359969996623,-1.7365895114682612,-1.3160911405485014,42.75149978969924,37.458493945214855,46.64371466441003,50.0,50.0
2025-11-27,43.70825176849642,5,1.0,-0.42946504021588955,-0.5620578193910482,-0.19834484075869752,-1.553247397184576,-0.7016476880521078,39.4254082257561,36.30714538464056,54.94242842688708,50.0,50.0
2025-11-28,45.22335669050707,4,0.7,,-0.6243826914405473,-0.23969904799788652,-0.33253500079401976,-0.8411701757656418,,34.87853340818761,55.9639483044933,50.0,50.0
2025-11-29,51.85380382418325,5,1.0,-0.5080633341320169,0.494599627751387,-0.565560129906839,-0.25850703578541584,0.32526493971389475,37.56476348405375,62.11893869154068,63.77380684209977,50.0,41.939318030849726
2025-11-30,50.095397257004656,5,1.0,0.3994301561542359,-0.4965170343303039,-0.16883094577422245,0.021627275719696106,-0.014943266514015544,59.855074130897556,37.83595270929821,54.210776434300435,49.45933918085837,50.0
2025-12-01,40.284350632422075,5,1.0,-0.6592144698471993,-0.7912815775573214,-0.16465454902943044,-0.483802426298663,0.04855217558814711,34.09160920704091,31.189355612725087,54.10708893383651,50.0,48.78643399724977
2025-12-02,28.696451819486366,5,1.0,-0.8036009449926639,-1.9362693530359925,0.9352959500573769,-0.9304605580357801,-0.9120753391771098,30.92557692298156,12.605827986542973,28.18515173314504,50.0,50.0
2025-12-03,47.01643939390143,4,0.9,0.10822716216205706,-1.073291491879838,-0.8143124502187585,,-1.8457565857049731,52.703041148840185,25.47776375355141,69.30276991896902,,50.0
2025-12-04,32.05427916428235,5,1.0,-1.2962075596089293,-0.9389652976646127,0.5803854336794286,-1.324487486977891,-0.8834964748696618,21.48039703324146,28.110939500792107,35.88439102036137,50.0,50.0
2025-12-05,44.162184387582485,5,1.0,0.028373113758881553,-0.9540580804573119,-0.12161307407617608,-0.49389057170796974,-0.6178651072469723,50.70928026174117,27.80694419778456,53.03658524862381,50.0,50.0
2025-12-06,49.91749553295098,5,1.0,-0.29191369863188116,0.2384579756594049,-0.06230505404121532,-1.1082267798677294,-0.6849273593009864,42.75354266427582,55.93336066899592,51.557122664847306,50.0,50.0
2025-12-07,45.7655210134227,5,1.0,-0.31815313767935965,-0.6591929156992717,-0.5980313701616043,-0.05274111545269737,-0.08075230013389409,42.11259081723058,34.09209351383085,64.52057857052137,50.0,50.0
2025-12-08,58.679002509000505,5,1.0,0.9351572166337614,0.4550823042691168,0.2452249395083015,-0.7879542041968406,-0.6602751627223118,71.81204006144704,61.1846915644548,43.89991510614975,50.0,50.0
2025-12-09,41.57312090766102,4,0.7,,-0.4608954748280944,0.5112561067061591,-1.571960160810041,-1.126555408358993,,38.67734138512033,37.48991109913307,50.0,50.0
2025-12-10,56.1455418304459,5,1.0,1.2919618667119654,-0.13500332386485697,0.27733205252684673,-1.7848778086332164,-1.7829723800306485,78.44790703560528,46.63003373755968,43.11079799248209,50.0,50.0
2025-12-11,48.71108436441424,5,1.0,-0.28433457238785526,-0.4238447074070741,-0.8381309183809057,-1.3528819230660059,-1.1649270860766434,42.93914198054977,39.55971124433018,69.80714198475127,50.0,50.0
2025-12-12,17.94635119332451,5,1.0,-2.561656205482544,-1.8270468256199441,2.3489299564750064,-0.16011777283327086,0.04152550561905921,7.1647303283830155,13.859045626509076,8.715086278593542,50.0,48.96201151138174
2025-12-13,22.971413324787598,5,1.0,-1.7585564958892577,-0.6019882162436763,1.7507492717789388,0.7877286075792289,1.476221710148977,14.697122068670332,35.38889530720256,14.795271788237761,31.265658937078236,18.59987860670356
2025-12-14,10.723037471819678,4,0.9,-2.33697848374278,-3.0,1.5061523815387603,,1.4149326403376374,8.810637250907481,4.742587317756678,18.150971016954735,,19.545721506475157
2025-12-15,14.457603575294488,5,1.0,-1.9846515239429092,-2.7072255364676643,2.1889412459620012,1.0288720967495872,0.27840440721175114,12.082385552976953,6.254833763046228,10.074797383296815,26.330283016219912,43.08450002206181
2025-12-16,21.24837050652335,5,1.0,-1.2182569415868771,-1.631832961543442,2.032020272802464,0.5182546104104737,0.6439917437559254,22.824334193387948,16.357941856685976,11.588177799439986,37.32604546380358,34.434475852328184
2025-12-17,54.78357349149232,5,1.0,0.676297240841491,0.23247464422811107,-0.002755968238075326,0.7783803097392109,-0.01514664662385762,66.29117795214697,55.785831866754016,50.06889916234238,31.466907133535432,50.0
2025-12-18,54.27812997330349,5,1.0,-0.14760416073421892,0.5705150330713216,-0.2445506154216916,-0.528699229504055,-0.2342863334177609,46.31658110489772,63.8882007846889,56.083477032137544,50.0,50.0
2025-12-19,55.47275940404778,4,0.7,,0.706879059371213,-0.23402546792002873,0.48118830458935347,0.5086653176345411,,66.97111796370972,55.8240798680487,38.197156369536145,37.550645831571735
2025-12-20,54.72576409485339,5,1.0,1.1365834434174633,0.3031318717360669,0.5349024588505138,0.4650121940443058,0.6135435379136941,75.7051802981121,57.52079498066092,36.937419499230764,38.57974677453933,35.12512933921399
2025-12-21,58.08260380591074,4,0.7,1.400932632889942,,0.0538724817524026,0.4332136850609856,0.8839627426672306,80.23318416052899,,48.653513593146144,39.33591949241296,29.235727481083018
2025-12-22,69.27877257943369,5,1.0,0.9429485056278698,1.2498560058000903,-2.1461255179878713,0.3046763244375402,1.2543917209411026,71.96948568736114,77.7274934094103,89.53061657529399,42.44147167107732,22.194083682357277
2025-12-23,61.77564191512738,4,0.7,,0.9198861919579469,-0.7054114595810698,-0.0736832529979077,0.6612216013931902,,71.50189159604585,66.93864685123017,50.0,34.04652491529378
2025-12-24,55.98657829018334,4,0.7999999999999999,-0.3692459800400112,1.103518874071328,,-0.4509906822800754,-0.7181390502772788,40.872323192966505,75.09188558085573,,50.0,50.0
2025-12-25,66.02192993580954,5,1.0,0.5047707225501998,0.8931696605149234,-1.395136624601347,-0.820718989677808,-0.8584184116720123,62.357981197916544,70.95438458765014,80.14110100069766,50.0,50.0
2025-12-26,51.816198688330616,5,1.0,0.09584692245722831,0.3697128734798443,-0.17473987390163745,0.3325541633085664,0.7043283271925034,52.394340348272834,59.13895967212814,54.35741503474974,41.761928596974016,33.08532815562969
2025-12-27,57.369838289929284,5,1.0,0.5815309329361089,1.2368497093490136,0.22320822760240167,1.0153173294115894,0.6951788667129972,64.14195978535777,77.50151845949958,44.44284750479555,26.59405310467281,33.28820005045695
2025-12-28,54.438525372381704,5,1.0,0.264588390554645,0.8598748797951395,-0.9340180310494228,2.2147037110918966,2.1488362756184785,56.57638834376778,70.26345124852502,71.78897454036047,9.843783981711379,10.444001884506331
2025-12-29,57.75949092937841,5,1.0,0.8109619286244767,0.9065898189120861,-0.3421501931548904,1.548341001597188,1.2811837684346568,69.23144475723721,71.23018276502232,58.47127358248646,17.532600824572125,21.734878737460495
2025-12-30,79.43179084465493,5,1.0,2.14475474329261,2.0196331984290854,-1.4150326718221171,-0.3042584647103068,-0.271251681656248,89.51776092384966,88.28430757324618,80.45585147763086,50.0,50.0
2025-12-31,54.42341465526481,5,1.0,0.8940631201028613,-0.5283969094147374,-0.40647572149235256,-0.4464848400431749,-1.1081006482602254,70.9727945713739,37.08908610071568,60.024252268189684,50.0,50.0
2026-01-01,55.63333918325964,5,1.0,1.1157121902997027,0.11502029603339964,0.5806063737275218,-0.8286866379496728,-1.6261848428534293,75.31925058796855,52.87234142178094,35.87930790167397,50.0,50.0
